;ClueTR;ClueEN
0;Türkiyede obezite tedavisinin geri planda bırakıldığını düşünüyorum. Genelde obeziteli bireyler eşlik eden hastalıkların tedavisinden ziyade görsel olarak iyi hissetmek istiyorlar, bu noktada hekim olarak bana düşen obezitelerini tedavi etmektir. Tedavi başlarken hastanın uygulayıp uygulayamayacağını ve kılavuzları dikkate alarak hareket ediyorum. Kullandığım ilacın komorbiteleri tedavi etmesi yine hasta ve benim açımdan elimi güçlendiriyor. Hastalarımın motive şekilde kullanması ve verdiğim tedaviyi uygulaması beni mesleki açıdan mutlu ediyor.;I think obesity treatment is left in the background in Turkey. Generally, individuals with obesity want to feel better visually rather than treating their accompanying diseases. At this point, as a physician, my duty is to treat their obesity. When starting the treatment, I act by taking into consideration the guidelines and whether the patient can apply them. The fact that the medication I use treats comorbidities strengthens my hand for the patient and me. It makes me professionally happy that my patients are motivated and apply the treatment I provide.
1;Kardiyoloji açısında kesinlikle dijitalleşme çok öneml. Zaman ve bilgiye ulaşma hızlı için çok kritik . Cerrahi işlemleri canlı yayında takip edebiliyoruz yeni tedavi yöntemleri , trendler ve cihazlarda ki gelişmeleri başka takip etme imkanımız yok. Yayınlar , online toplantılar ve özellikle yurtdışı kongrelerin çıktılarını tskip etmek için sıklıkla kullanıyorum. Kendimi geliştirmek , kariyerim ve hastalarıma en iyisini sunmak için günceli takip etmeliyim.;Digitalization is definitely very important in terms of cardiology. Time and access to information are very critical for rapid access. We can follow surgical procedures live, but we do not have the opportunity to follow the developments in new treatment methods, trends and devices. I use it frequently to record the outputs of publications, online meetings and especially international congresses. I must keep up to date in order to improve myself, to provide the best for my career and my patients.
2;Elimizde kalp yetmezliğinde kullanılan ve ödemesi olmayan bir ürün bunu hastalara öneriyorduk. Önerme açısından bir sorunumuz yok ancak ekonomik durumlar malumunuz, karar hastaya ait bu konuda. Ben hekim olark doğru tedaviyi hastama vermek veya bilgilendirmek durumundayım;We have a product that is used in heart failure and has no payment, and we were recommending it to patients. We have no problem with the recommendation, but as you know the economic conditions, the decision belongs to the patient. As a physician, I have to give or inform my patient about the correct treatment.
3;Obezite tedavisi Saxenda ile başladı. Eskiden farkındalığımız düşüktü , Noovnordisk ziyaretleri ile obzeiteyi tedavi edebileceğimizi ve tedaviyi bizimde yapabileceğimizi öğrenmiş olduk. Obezite yaptığımız her işlemin başarısını düşüren bir etmen , eskiden diyetis6wn yönlendirmesi yapıyorduk veya hastaya kilo vermesini öneriyorduk. Şimdi farkındalık arttı ve hastamıza anlatıyoruz;Obesity treatment started with Saxenda. In the past, our awareness was low, but with Noovnordisk visits, we learned that we can treat obesity and that we can do the treatment ourselves. Obesity is a factor that reduces the success of every procedure we perform. In the past, we would guide the patient to a diet or recommend the patient to lose weight. Now awareness has increased and we are telling our patients
4;Hastalarıma obezite ile ilgili bir ilaç olduğunu belirtiyorum ve araştırıp alma veya almama kararını kendilerine bırakıyorum. İkna etme noktadında abezite ilacı ile birlikte klinik çalışma sonuçlarında bulunan kilo verme oranlarını hastalara sunuyorum. Hasta ile kurduğum iletişim, sosyokültürel seviyesi obeziteli olarak geçirdiği süre, yaş ve eşlik eden hastalıkları değerlendirildiğinde hastanın alma güdüsünü gözlemleyebiliyorum.;I tell my patients that it is a drug related to obesity and I leave it up to them to research it and decide whether to take it or not. At the point of persuasion, I present to patients the weight loss rates found in clinical study results along with the obesity medicine. When the communication I establish with the patient, her sociocultural level, the time she spent with obesity, her age and accompanying diseases are evaluated, I can observe the patient's motivation to buy.
5;Mesleki gelişimim açısında dijital kanalları pek kullanmıyorum. Dijital materyallerin bir tık ile elimin altında olması gerekiyor. Araştırma yaparken yada ihtiyacım olan bilgiye ulaşmak için zamanımı internet ortamında harcamamalıyım. Bundan dolayı daha geleneksel olan kongre, toplantı, sempozyum gibi yüzyüze olan oturumları tercih ediyorum.  Bu şekşlde hem daha fazla insanla iletişim kurabiliyorum, hoca ve dernek başkanları ile ilişki geliştirebiliyorum, sorularımı birincil ağızdan iletebliyorum ve cevapları aracı olmadan en homojen şekilde alabiliyorum. Buda benim sosyalleşmemi, doğru bilgiye en hızlı şekilde ulaşmamı ve hasta örnekleri ile tedavi başarımı artırarak mutluluğuma katkı sağlıyor.;I do not use digital channels much for my professional development. Digital materials need to be at my fingertips with just a click. I should not waste my time on the internet while doing research or finding the information I need. For this reason, I prefer more traditional face-to-face sessions such as congresses, meetings and symposiums. In this way, I can communicate with more people, develop relationships with professors and association presidents, send my questions firsthand, and receive answers in the most homogeneous way without intermediaries. This contributes to my happiness by enabling me to socialize, accessing accurate information as quickly as possible, and increasing my treatment success with patient samples.
6;Hastalarıma geri ödemede bulunmayan ürünler önermemeye çalışyorum. Eğer çok mecburi bir durum varsa o zaman geri ödemesiz ürün öneriyorum. Mecburen kullanmam gereken bir geri ödemesiz ürün varsa hastaya sağlayacağı yararı vurguluyorum. Öğün azaltarak maaliyet yaşamayacağını örnekler vererek anlatmaya çalışıyorum. Bu şekilde bir çok hastam ikna oluyor ve aldıkları tedavi sonrası ciddi kilo veriyorlar. Buda verdiğim emeğin karşılığını görmek açısından beni mutlu ediyor.;I try not to recommend non-reimbursable products to my patients. If there is a very mandatory situation, then I recommend a non-refundable product. If there is a non-refundable product that I must use, I emphasize the benefit it will provide to the patient. I am trying to explain by giving examples that you will not lose money by reducing your meals. In this way, many of my patients are convinced and lose significant weight after the treatment they receive. This makes me happy to see the reward of my hard work.
7;Obezite tedavisinde önceliğim hastanın verdiğim tedavi ile birlikte maksimum kilo vermesini sağlamaktır. Tedavi kararı alırken verdiğim ürün ile en az yan etki ve en yüksek kilo verdirici ürünü tercih ediyorum. Bu şekilde hastalarım yan etki yaşamadan en iyi oranda kilo verebiliyor buda hastalarımın ve benim mutlulupuma pozitif etki sağlıyor.;My priority in obesity treatment is to ensure that the patient loses maximum weight with the treatment I provide. When making a treatment decision, I choose the product that has the least side effects and the highest weight loss. In this way, my patients can lose weight at the best rate without experiencing side effects, which has a positive effect on the happiness of my patients and me.
8;Önemli buluyorum sonsuz bilgi erişimi sağlıyor.Yeni moleküller hakkında olan oturumlar.Yeni molekülleri takip etmek daha kolay olurdu ve tedavi protoklüme pozitif katkı sağlar.;I find it important that it provides access to endless information. Sessions about new molecules. It would be easier to follow new molecules and the treatment contributes positively to the protocol.
9;Uzun süren bir tedaviye uyumun ne kadar devam edeceği ilk önceliğim oluyor.Hedef kiloya ulaşılsa bile metabolizmanın alışma süreci olduğunu yoksa tekrar kilo alımının mümkün olduğunu anlatıyorum.Çünkü metabolik yanıt oluşmadığı sürece erken dönemde bırakılan ilaç tedavinin başarı oranını düşürücek.;My first priority is how long compliance with a long-term treatment will continue. I explain that even if the target weight is reached, the metabolism has an adaptation period, otherwise weight gain is possible. Because unless a metabolic response occurs, discontinuing medication early will reduce the success rate of the treatment.
10;Altta yatan komorbitideler .Obezitede tedavisindeki başarı komorbitedelerde iyileşme göstereceği için hasta yaşam kalitesi artmış bir şekilde ve kendi daha mutlu hissediyor olması benım için önemli.Mesleki tatmin duygum artıyor.;Underlying comorbidities. Since success in the treatment of obesity will show improvement in comorbidities, it is important for me that the patient's quality of life increases and he feels happier. My sense of professional satisfaction increases.
11;Pandemi ile birlikte dijital hayatııza girdikten sonra dijital öğrenimim arttı. Fakat özellikle dijital yaklaşımlar tüm bilgi akışımın %20 si olduğunu söyleyebilirim. Kanaat önderi hocalar ile birebir temas kurabileceğimiz ve aklımızdaki soruların cevabını ilk ağızdan öğrenebileceğimiz toplantı bveya sempozyumlar ilgimi çekecektir. Bunu belirtmemin nedeni özellikle hocalara fiziksel ulaşmanın zor olması, fakat direk hocalarla temas kurabilsem bu beni çok mutlu eder.;My digital learning increased after entering our digital lives with the pandemic. But I can say that especially digital approaches constitute 20% of my entire information flow. I would be interested in meetings or symposiums where we can have one-on-one contact with opinion leaders and learn the answers to our questions firsthand. The reason I mention this is that it is difficult to reach the teachers physically, but it would make me very happy if I could contact the teachers directly.
12;Mesleki gelişimim açısından dijital kanalları hızlı ve kolay ulaşılabilirliği açısından değerlendiriyorum. Özellikle güncel klinik çalışmaları takip etmek ve bunlardan yararlanmak ve uaşmak çok kolay oluyor. Teknoloji dünyasında bilgiye kolay ulaşmak hem mesleki hemde klinik başarı açısından çok kolay oluyor ve ben bu şekilde hastalarıma en hızlı tedavi seçeneklerini sunarak hastalarımı ve kendi mutluluğumu sağlamış oluyorum.;In terms of my professional development, I evaluate digital channels in terms of their fast and easy accessibility. It is especially easy to follow, benefit from and access current clinical studies. In the world of technology, easy access to information is very easy for both professional and clinical success, and in this way, I ensure my patients' and my own happiness by offering the fastest treatment options to my patients.
13;Geri ödeme  kapsamında olmayan ilaçları önerirken önceliğim, ulaşılabilir olması, fiyat ve etki arasında doğru orantı bulunması ve uygulanması kolay bir ürün önermeye çalışıyorum. Hastalarımı ikna ederken öncelikle önerdiğim ürün ile sağlayacakları faydayı ve bu fayda ile yaşam kalitelerinin ne kadar artacağını vurgularım. Herşeyi deneyen ve çözüm bulamayan hastalarım benim sunduğum ile çözüm bulması beni mutlu ediyor.;My priority when recommending drugs that are not covered by reimbursement is that they are accessible, that there is a correct ratio between price and effect, and that I try to recommend a product that is easy to apply. When convincing my patients, I first emphasize the benefits they will receive from the product I recommend and how much their quality of life will increase with this benefit. I am happy that my patients, who have tried everything and cannot find a solution, find a solution with what I offer.
14;Obezite tedavisinden önceliğim hastalarımın vücüt kitle endeksi ve ne kadar süre boyunca obez olduklarını değerlendriyorum. Yüksek vki , uzun süredir obez olması, diyet , egzersiz ve buna benzer kilo verme seçeneklerini uygulayıp ne kadar başarılı olduğunu değerlendiriyorum. Herşeyi denemiş ve çözüm bulamamışsa artık hastayı mental olarak yormama adına ilaç tedavisi ekliyorum. Bu şekilde hastalarım daha az efor ile daha iyi kilo vererek klinik anlamda benş mutlu ediyorlar.;My priority in obesity treatment is to evaluate my patients' body mass index and how long they have been obese. Due to his high BMI, being obese for a long time, I apply diet, exercise and similar weight loss options and evaluate how successful he is. If the patient has tried everything and cannot find a solution, I add medication to avoid tiring the patient mentally. In this way, my patients become clinically happy by losing weight better with less effort.
15;Mesleki olarak dijital toplantı ve yayınları okuyorum. Firmalar tarafından gönderilen mail içeriklerini okumuyorum. Mesleki gelişim açısından online toplantı ve kongreleri takip ediyorum ve olabildiğince katılıyorum. Online anlık takip edebileceğim içerikler ile hem güncel yayınları takip edebiliyorum hemde tedavi uygularken güncel yaklaşımları hastalarıma sunabiliyorum. Bu hastalarımın yaşam kalitesini artırdığı gibi benimde tedavi olan hasta bakımından polikilinik anlamda konfor yaşamamı sağlıyor.;Professionally, I read digital meetings and publications. I do not read the contents of e-mails sent by companies. In terms of professional development, I follow online meetings and congresses and participate as much as possible. With the content I can follow instantly online, I can both follow current publications and present current approaches to my patients while applying treatment. This not only improves the quality of life of my patients, but also allows me to experience comfort in terms of outpatient care for the patients being treated.
16;Obezite tedavisine başlarken hastalarımı hem psikolojik hemde sosyolojik açıdan değerlendiriyorum. Obezitenin bir tedavi edilmesi gereken hastalık olduğunu ve hastalarımın bu zorlu tedavi sürecine hem psikolojik hemde sosyal açıdan hazır olması tedavi başarımı artıracaktır. Ayrıca hastalarımı klinik olarak değerlendirerek takip süreçlerini inceliyorum ve bunları klinik çalışma olarak sunacağım. Bu çalışmalar sonucunda akademik kariyer basamaklarını çıkarken bana yardımcı olacaktır ve hedeflerime ulaşmak benim motive ediyor;When starting obesity treatment, I evaluate my patients both psychologically and sociologically. Obesity is a disease that needs to be treated, and my patients' preparation for this difficult treatment process both psychologically and socially will increase my treatment success. I also evaluate my patients clinically and examine their follow-up processes, and I will present these as clinical studies. As a result of these studies, it will help me as I climb the academic career steps and achieving my goals motivates me.
17;Obezite tedavimdeki ana etken hastalarımın bu tedaviye uyum sağlaması ve düzenli kullanmasıdır. Tedavi uyumu yüksek olan ve hastalarımın kullanırken kafa karışıklığı yaşamaması o ürünü tercih etmemi sağlar. Hasta uyumunu artıran bir ürün ile hastalarım daha kolay ve hızlı şekilde tedaviye adepte olur ve buda klinik başarımı artırarak konfor alanımı genişletir.;The main factor in my obesity treatment is that my patients adapt to this treatment and use it regularly. It is the product that has high treatment compliance and that my patients do not experience any confusion while using it, which makes me prefer that product. With a product that increases patient compliance, my patients adapt to treatment more easily and quickly, which increases my clinical success and expands my comfort zone.
18;Obezite tedavisini planlarken, yaş, cinsiyet, boy , kilo, eğitim durumu, alım gücü, daha önce denediği tedaviler gibi bir çok veriyi sentezliyorum. Bu şekilde hastamın tedaviye uyum sağlayıp sağlayamayacağını değerlendirerek doğru tedaviyi sunuyorum. Eğer belirli kriterlere uygun olursa hastama tedavi başlamış oluyorum. Çünkü bu şekilde hastam doğru tedaviyi almış ve uygulamış olacaktır. Bu tedavi başarısını artırdığı gibi klinik anlamda beni rahatlatacak ve daha az stres yaşamamı sağlayacaktır. Bu şekilde daha motive olnuş ve mutlu olmuş şekilde işimi yapabilirim.;When planning obesity treatment, I synthesize a lot of data such as age, gender, height, weight, education level, purchasing power, and previous treatments tried. In this way, I evaluate whether my patient can adapt to the treatment and offer the right treatment. If my patient meets certain criteria, I start treatment. Because in this way, my patient will receive and apply the correct treatment. This will not only increase the success of the treatment, but will also make me feel clinically more comfortable and less stressed. This way, I can do my job more motivated and happy.
19;Mesleki gelişimim için dijital kanalları kullanıyorum. Bilgiye hızlıca ulaşabildiğim online toplantı, sempozyum, komgre , yayın veya hoca sunumları gelişimime katkı sağlayacaktır. Bilgiye ne kadar hızlı ulaşırsam o kadar hızlı ve etkin şeklde hayatıma entegre edebilir ve kullanabilirim, bu şekilde kariyer yolculuğumda emin adımlarla ilerlerim. Buda mesleki açıdan mutlu olmamı sağlar.;I use digital channels for my professional development. Online meetings, symposiums, congresses, publications or teacher presentations where I can access information quickly will contribute to my development. The faster I access information, the faster and more effectively I can integrate it into my life and use it, thus taking firm steps forward in my career journey. This makes me happy professionally.
20;Geri ödemesiz ilaç tercih ederken hastanın alım gücüne göre öneride bulunurum. Hastalarımı ikna etmek için çaba harcamıyorum sadece ilacı aldıklarında sağlaycakları faydayı vurguluyorum. Hekim olarak görevim hastalarıma en uygun ve ulaşılabilir tedaviyi sunmak ve bu şekilde hastalarımı mutlu etmek. Bundan dolayı tedavimi alıp uyguladığında mutlu olurum fakat alım gücünden dolayı alamadığında alternatif tedavi seçeneklerini düşünür ve uygularım;When choosing a non-reimbursable medicine, I make recommendations based on the patient's purchasing power. I don't try to convince my patients, I just emphasize the benefits they will get when they take the medicine. My duty as a physician is to offer the most appropriate and accessible treatment to my patients and in this way to make my patients happy. Therefore, I will be happy when you buy and apply my treatment, but when you cannot buy it due to purchasing power, I think about alternative treatment options and apply them.
21;Obezite tedavisine başlarken hastanın VKİ oranına bakarım, eşlik eden hastalıklarını dikkate alırım. Hastamın VKİ oranı yüksek ve eşlik eden hastalıkları varsa en uygun tedavi şeklini belirler ve hastama uygularım. Yüksek VKİ ve eşlik eden hastalıklar obezite hastasının tedavi edilmesi gerektiğini ortaya koyar. Bu şekilde ilerde daha büyük risklerden kaçınmak adına ve hasta memnuniyeti adına mutlaka tedavi edilmesi gerektiğini düşünüyorum.;When starting obesity treatment, I look at the patient's BMI rate and take into account any accompanying diseases. If my patient has a high BMI and comorbidities, I determine the most appropriate treatment method and apply it to my patient. High BMI and accompanying diseases indicate that the obesity patient needs to be treated. I think it should be treated in this way in order to avoid greater risks in the future and for patient satisfaction.
22;Dijital yaşam bizi sedanter yaşama yönlendiiriyor nacak faydaları muhteşem. Yenilikleri ve gelişmeleri takip edebiliyorum . Yeni tedavi ve trendlerden herkesten önce keşfediyorum, meslektaşlarım ile sohbetlerimde beni ön plana çıkarıyor , kongrelerde hocalar ile fikir alışverişinde bulunuyorum , motivasyonumu arttırıyor,;Digital life leads us to a sedentary life, but its benefits are amazing. I can follow innovations and developments. I discover new treatments and trends before anyone else, it puts me at the forefront in my conversations with my colleagues, I exchange ideas with professors at congresses, it increases my motivation,
23;Hastaya değer fayda ayrımını doğru aktarmak gerekiyor. Fiyat konusunda sorunu olna hastalarımız oluyor tabiki ancak faydalarını anlattığınızda insanlar bu tedavilerden yararlanmak istiyor , tedaviyi önemsiyor .;It is necessary to convey the difference between value and benefit to the patient correctly. Of course, we have patients who have problems with the price, but when you explain the benefits, people want to benefit from these treatments and care about the treatment.
24;Önce Hasta motivasyonu sağlamak , tedavi sonrasında , mutluluğunu görmek mesleki tatmin açısından harika duygular yaşamama sebep oluyor. Obezite tedavisinde  yeni ürünleri  bekliyoruz;Providing patient motivation first and seeing their happiness after the treatment gives me great feelings of professional satisfaction. We are waiting for new products in obesity treatment
25;Ürün temsilcisi arkadaşlardan gelen mailler , online toplantılar veya webinarları takip etmeye çalışıyorum. Bilgiye hızlı erişim ve zaman kazancı sağlıyor . Hastalarıma ve kendime daha fazla zaman ayırabiliyorum.;I try to follow the e-mails, online meetings or webinars I receive from product representative friends. It provides quick access to information and saves time. I can devote more time to my patients and myself.
26;Hastaya medikal bir çözüm olduğunu söyleyerek başlıyorum, bu aşamada kaybedeceği kilolar ile birçok komplikasyonunda iyileşme sağlayabileceğini belirtiyorum. Fiyat en son söylediğim konu açıkcası çünkü ürünün katkılarına odaklanmasını istiyorum, fiyat konusunda çekinceleri varsa düşünmesini ve kararını daha sonra vermesini öneriyorum.;I start by telling the patient that there is a medical solution, and that he can improve many of his complications with the weight he will lose at this stage. Price is the last thing I mentioned, obviously, because I want the product to focus on its contributions, and if they have reservations about the price, I recommend that they think about it and make their decision later.
27;Hasta farkındalığı , mutluluğu ve istekmesi en önemli unsurlar. Eğer hasta söz ettiğim noktaysa yaptıpım tedaviden  benden keyif alıyorum . İş tatmini oluyor , hasta açısından kilo kaybı ile üzerinde ki yükü atıyor. Başka hastlarıma en iyi referansı yine hastalarım sağlıyor.;Patient awareness, happiness and willingness are the most important elements. If the patient is what I'm talking about, I enjoy the treatment I provide. Job satisfaction is achieved, and for the patient, the burden is relieved through weight loss. My patients provide the best reference to my other patients.
28;Digital dünyaya çok sıcak bir kişiyim. Yenilikleri çok sıkı takip ediyorum. Bazı uluslararası dergilere online aboneliklerim mevcut. Kongrelere fiziksel olarak katılımım olmasa da daha sonra sanal ortamda içerikleri seçerek gelişmeleri takip ediyorum;I am a person who is very warm to the digital world. I follow the innovations very closely. I have online subscriptions to some international magazines. Even though I do not physically attend the congresses, I follow the developments by selecting the contents in the virtual environment.
29;Hastalara tedavileri sunuyorum. Etkinlik , yan etki , kullanım ve tedavi başarılarını anlatıyor , geri ödeme bilgisini veriyor ve kararı hastanın vermesini istiyorum. Güven ilişkisi açısından doğru yaklaşımın böyle olduğunu düşünüyorum;I offer treatments to patients. I explain the effectiveness, side effects, usage and treatment successes, provide reimbursement information and ask the patient to make the decision. I think this is the right approach in terms of trust relationship.
30;Obezitenin hastayı getirmiş olduğu durumu inceliyorum. Obezite tedavisinin komplike bir tedavi olması gerektiğini ve farklı branşlar ile iş birliği ile ilerlemesi gerektiğini düşünüyorum, hasta motivasyonu en önemli konuların başında geliyor. Hekimler açıısından da obezite  tedavisi gelecekte çok fazla önem arz edecek. Hasta mutluluğu sağlayan hekimler mesleki tatmin yanısıra kariyer anlamında da avantajlı bir noktaya ulaşacaklar;I examine the situation that obesity brings to the patient. I think that obesity treatment should be a complicated treatment and should be progressed in cooperation with different branches, patient motivation is one of the most important issues. For physicians, obesity treatment will be of great importance in the future. Physicians who ensure patient happiness will reach an advantageous point in terms of career as well as professional satisfaction.
31;Pandemi döneminin bize kazandırdığı en büyük alışkanlıklardan biri dijital kanal kullanımımızın artması. Bu kanallar sayesinde artık katılamadığımız birçok toplantı ve kongreye evde hastane izleme şansım oluyor. Bu sayede ilgi alanım olan invaziv gelişmelere çok hızlı bir şekilde ulaşabiliyorum. Bu toplantılar sayesinde hastalarımın tedavilerini düzenliyor ve işlemlerimi buna göre yapıyorum. Hastalarımın tedavideki memnuniyeti hem onları hem de beni çok mutlu ediyor.;One of the biggest habits that the pandemic period has taught us is the increase in our use of digital channels. Thanks to these channels, I now have the chance to watch many meetings and congresses at home that we cannot attend. In this way, I can quickly access the invasive developments that interest me. Thanks to these meetings, I organize the treatments of my patients and carry out my procedures accordingly. My patients' satisfaction with the treatment makes both them and me very happy.
32;Birkaç kardiyoloji derneğinin her hafta düzenledği onlıne toplantılar oluyor. Bu toplantılara hem türkiyeden hem de yurtdışından konuşmacılar katılıyor. Bu toplantılara katılmak benim hem araştırmalarım için benim işimi çok kolaylaştırıyor hem de benim mesleki gelişimim için çok değerli oluyor. İnvaziv ile ilgili toplantılara katılmak beni işlemlerinde farklılaştırıyor ve bu da benim başarımı artırıyor.böylelikle bende çok mutlu oluyorum.;Several cardiology societies hold online meetings every week. Speakers from both Turkey and abroad attend these meetings. Participating in these meetings both makes my job much easier for my research and is very valuable for my professional development. Participating in invasive meetings differentiates me in my procedures and this increases my success. Thus, I am very happy.
33;Bana gelen hasta portföyü genellikle orta ekonomik düzeye sahipler. Ama bu durum beni geri ödemesiz ürün tercih ederken etkilemiyor. Hastalarımın tedavisi yapacak güvenilir ve etkili ürün geri ödemesiz ise ben bu ürünü tercik ederim. Hastalarımı öncelikle hastalıkları ile ilgili ayrıntılı bilgileri paylaşır ve bu tedavinin onlara sağlayacağı faydaları ve tedavi sonunda onları nelerin beklediğini anlatmak onların ekonomik durumundan bağımsız olarak ikna olmaları sağlar. Özellikle memnuniyetle geri dönen hastalarımın tedavi başarılarını görmek beni çok gururlandırıyor. Hastalarımda çok mutlu bana geliyor.;The patient portfolio that comes to me is generally of medium economic level. But this does not affect me when choosing a non-refundable product. If a reliable and effective product that will treat my patients is non-refundable, I would prefer this product. First of all, I share detailed information with my patients about their illness and explain the benefits of this treatment and what awaits them at the end of the treatment, ensuring that they are convinced, regardless of their economic situation. It makes me very proud to see the treatment success of my patients, especially those who return with satisfaction. My patients come to me very happy.
34;Obezite tedavisi bizim yeni ilgi alanımız. Yeni yeni öğreniyoruz. Bu nedenle özellikle kardiyolojik komorbitideleri olan uygun vki aralığında olan obeziteli hastalarıma tedaviye başlıyorum. Böylelikle bu tedavi onların bu komorbitelerin azalmasını hem dekilo kaybına sebep oluyor. Her hastamın vki leri ölçmeye çalışıyorum. Böylelikle hasta kaçırmamış oluoyoır ve her obeziteli hastama hastalığı le ilgili bilgilendirme yapıyorum. Böylelikle hastalarımın kilo kaybı sayesinde kardiyolojik semptomları çok azalmış oluyor. Bu da hastalarım için çok yönlü mutlulukları olmuş oluyor. Bu da beni çok mutlu ediyor.;Obesity treatment is our new area of ​​interest. We are just learning. For this reason, I start treatment especially for my obese patients who have cardiological comorbidities and are within the appropriate BMI range. Thus, this treatment reduces these comorbidities and causes weight loss. I try to measure the BMIs of each of my patients. In this way, I do not miss any patients and I inform each obese patient about their disease. Thus, my patients' cardiological symptoms are greatly reduced thanks to their weight loss. This creates multifaceted happiness for my patients. This makes me very happy.
35;Özellikle hastanın tedaviye uyumu, hekime olan güveni ve kendi özgüveni benim için çok önemli.Başlangıçta vki ölçümü sonrası hastalarımın ben ‘’obez değilim’’ yalancı itirazını yapmış olduğum açıklamalarla, bilimsel verilerle gardlarını kırıyorum.Bunu onların ilerleyen zamanlarda çıkabilecek komplikasyonlarını ortadan kaldırmak için yapıyorum.Başlangıçta bahsettiğim bu özgüven meselesini ortadan kaldırarak hastalarımın tedaviye güvenilir ve sonunda mutlu olmalarını sağlamak en önemli görevlerimden biri gibi geliyor;"Especially the patient's compliance with the treatment, his trust in the physician and his own self-confidence are very important to me. After the BMI measurement, I break the guards of my patients with scientific data and with the false objection of ""I am not obese"" after the BMI measurement. I do this to eliminate complications that may arise in the future. It seems to be one of my most important duties to eliminate this self-confidence issue that I mentioned at the beginning and to ensure that my patients trust the treatment and are happy in the end."
36;Pandemi döneminde alıştığımız dijital kanal kullanımı işlerimi çok kolaylaştırdı.Eskiden çok fazla seyahat gerçekleştirirdim şimdi tüm dünya ile uzakları yakın ediyorum.Ekonomik şartlardan kaynaklı gidemediğimiz kongreleri dijital platformlarda takip etme şansı buluyorum.Bu sayede tüm yeni gelişmelerden uzak kalmayıp hastalarımı güncel tedavilerle buluşturuyorum.Şehir hastanelerinin hasta yükü çok fazla olması sebebiyle aldığım tüm yeni bilgileri pratikte kullanmak beni ayrıca mutlu ediyor;The use of digital channels, which we have become accustomed to during the pandemic period, has made my work much easier. I used to travel a lot, now I make distant places close to the whole world. I have the chance to follow the congresses that we could not attend due to economic conditions on digital platforms. In this way, I do not stay away from all the new developments and introduce my patients to the current treatments. Patients of city hospitals It also makes me happy to use all the new information I have acquired in practice, since the workload is very high.
37;Şehir hastanesinde görev yapan bir hekim olarak gelen hasta profilim her zaman için geri ödemede olmayan ürünlere müsait olmuyor.Ancak hastalara ürünün kar/zarar dengesini ve yurtdışı kaynaklarından aldığım bilgileri doğru anlattığım takdirde ikna olduklarını gözlemliyorum.Amacım tamamen hastalarımın tedavilerini doğru düzenlemek üzerine oluyor.Doğru düzenlenmediği taktirde hem kendisine hemde devletin bütçesine gereksiz ödemeler çıkarmak beni mutsuz ediyor.Böyle yaklaştığımda hastalarım tedaviye ikna oluyor;As a physician working in a city hospital, my patient profile is not always suitable for non-reimbursable products. However, I observe that patients are convinced if I explain correctly the profit/loss balance of the product and the information I receive from foreign sources. My aim is entirely to organize the treatments of my patients correctly. If it is not arranged correctly. Otherwise, making unnecessary payments to both myself and the state's budget makes me unhappy. When I approach this way, my patients are convinced for treatment.
38;Yağlı karaciğer hastalığında spesifik olarak kullanılan bir farkolojik ajan olmadığı için ilk yapmamız gereken şey hastanın kilosunu azaltmak.Bu yüzden ilk tercihimi etkileyen şey obezite ürünleri oluyor.Hastalığın seyrini durdurmak veya geriletmek için tercih ediyorum.Hastalarım 4-6 ay arası kullandığında sonuları karşısında inanılmaz pozitif dönüş sağlıyorlar ve bu da benim tedavi başarımı artırdığı için hem tedaviye hem de ürüne olan bağlılığımı artırıyor;Since there is no pharmacological agent specifically used in fatty liver disease, the first thing we need to do is to reduce the patient's weight. Therefore, the first thing that affects my choice is obesity products. I prefer it to stop or regress the course of the disease. When my patients use it for 4-6 months, the results are incredibly positive. and this increases my commitment to both the treatment and the product as it increases my treatment success.
39;Ben koruyucu kardiyoloji hekimliğine önem veriyorum. Bu konuda sürekli hastalarımla iletişim halinde olmak ve onların tedavilerini şekillendirmek beni çok mutlu ediyor. Bana göre bir kardiyoloji hekimi hem koruyucu hekimlik yapmalı hem de işlemlerine devam etmeli. Bu anlamda tedavilerini şekillendirirken eğer onların tedavilerinde işe yarayacak güvenilir ve etkili ürün geri ödemesiz ise hastalarıma bu ilacın onlara olan faydalarını anlatırım. Hastalarımın hastalıkları konusundaki endişelerini ve neye ihtiyacı olduklarını anlar ve onlarla bu konudaki araştırmalarımı ve bilgilerimi paylaşırım. Bu ayrıntılı iletişim ve onların duygularını anlama metodu ile çoğu hastamın güvenini kazanır ve onların tedaviye ikna olmalarını sağlarım.;I attach importance to preventive cardiology medicine. It makes me very happy to be in constant communication with my patients and shape their treatments. In my opinion, a cardiologist should both practice preventive medicine and continue his procedures. In this sense, while shaping their treatments, if the reliable and effective product that will be useful in their treatments is non-refundable, I tell my patients about the benefits of this medicine for them. I understand my patients' concerns about their diseases and what they need, and I share my research and knowledge on this subject with them. With this method of detailed communication and understanding their feelings, I gain the trust of most of my patients and ensure that they are convinced of the treatment.
40;Benim gibi yoğun poliklinik ve invaziv işlem yapan bir hekim için bu kanallar çok değerli. Bu dijital kanalçeşitliliği sayesinde neredeyse her hafta farklı platformlarda toplanılar düzenleniyor. Bu toplantıların program detaylarını instagramdan ve maillerimden drekli takip ediyoum ve ilgi alanım olan konular olduğunda çok rahat bir şekilde erişebiliyorum. Böylelikle son gelişmelerden sürekli haberdar oluyorum ve meslektaşlarımdan geri kalmamış oluyorum. Bu da hasta tedavilerime çok olumlu bir şekilde yansıyor. Hastalarımın tedavi memnuniyetleri hem onları hem de beni çok mutlu ediyor;These channels are very valuable for a physician like me who performs busy outpatient clinics and invasive procedures. Thanks to this diversity of digital channels, meetings are held on different platforms almost every week. I follow the program details of these meetings directly on Instagram and my e-mails, and I can easily access them when there are topics that interest me. In this way, I am constantly informed about the latest developments and I do not fall behind my colleagues. This reflects very positively on my patient treatments. My patients' treatment satisfaction makes both them and me very happy.
41;Mesleki gelişimim için dijital toplantı, kongre, sunum ve yayınları takip ediyorum. Katılım sağlayamadığımız kongre veya sempozyumların özet yayınları yada videolarına ulaşabileceğimiz bir sistem bilgiye kılay ulaşmamızı sağlayacaktır. Teknoloji dünyasında bilgiye daha kolay ulaşarak hem zaman kazanmış oluruz hemde en hızlı bilgiyi alarak hayatımıza entegre ederek hastalarımıza sunduğumuz tedaviyi güncel tutmuş oluruz. Bu şekilde hastalarımız mutlu biz mutlu oluruz;I follow digital meetings, congresses, presentations and publications for my professional development. A system where we can access summary publications or videos of congresses or symposiums that we could not attend will enable us to access information easily. By accessing information more easily in the world of technology, we both save time and keep the treatment we offer to our patients up-to-date by getting the fastest information and integrating it into our lives. This way, our patients are happy and we are happy.
42;Hastama geri ödemesiz ürün önerirken ücretli olduğunu fakat aldığında sağlayacağı faydayı belirtiyorum. Ödemesiz ürün önerdiğimde gühastalarımı ikna etmeye çalışmıyorum sadece geri ödemesiz olduğunu ve aldıklarında sağlayacağı belirterek alım kararını hastalarıma bırakıyorum. Benim hekim olarak hastaya en doğru tedaviyi sunmak görevim fakat hastamın o tedaviyi isteyip istemediği ile ilgilenmiyorum. Hastamı ikna etme yoluna giderek kendimi mutsuz edemem.;When I recommend a non-refundable product to my patient, I point out that it is paid but the benefits it will provide when purchased. When I recommend a product that is free of charge, I do not try to convince my patients. I just state that it is non-refundable and that it will be provided when they buy it, and I leave the purchasing decision to my patients. As a physician, it is my duty to offer the most appropriate treatment to the patient, but I am not interested in whether my patient wants that treatment or not. I cannot make myself unhappy by trying to convince my patient.
43;Obezite tedavisinde hastalarımın alım gücü ve enjeksiyon tedavisine yatkın olması önceliğim. Eğer hastam verdiğim ürünü satın alabilecekse ve belirttiğim zaman süresince ürünü kullanarak düzenli takip yapabilecekse hastalarıma tedaviyi veriyorum. Eğer hastam verdiğim ürünü alamayacaksa veya tedaviye uyum sağlayamayacaksa bu klinik açıdan beni mutsuz eder çünkü hasta uyumu obezite tedavisinin önceliğidir.;In obesity treatment, my priority is my patients' purchasing power and their susceptibility to injection treatment. I give the treatment to my patients if they can purchase the product I provide and if they can follow up regularly by using the product for the time I specify. If my patient cannot take the product I give or cannot comply with the treatment, this would make me clinically unhappy because patient compliance is the priority of obesity treatment.
44;Benim gibi yoğun hasta bakan bir hastanede bir hekimin mesleki gelişim için digital kanallar çok uygun oluyor. Fakat bu kanal kullanımlarıda yoğunluktan bazen katılım şartlarını zorluyor. Zaman uygunluğu yakalandığında Canlı yayın toplantıları, canlı vaka toplantılarını izlemek çok keyifli oluyor ve bu toplantılar gelişimize çok katkı sağlıyor. Özellikle bu toplantıların bakit darlıpından izleyememe durumu oldupunda eğer kayıt altına alınırsa akşamları ailemden arta kalan zamanda izlemek çok faydalı oluyor. Bizim gibi cerrahi işlem yapan hekimlerde canlı vaka sunumları, özellikle bölgemiz dışındaki diğer hekimlerden izlemek bizim ufkumuzu geliştiriyor ve bizde buna göre tedavilerimizi şekillendiriyoruz.;Digital channels are very suitable for the professional development of a physician in a hospital like mine, which sees busy patients. However, the intensity of usage of these channels sometimes makes participation conditions difficult. When time is available, it is very enjoyable to watch live broadcast meetings and live case meetings, and these meetings contribute greatly to our development. Especially when I cannot watch these meetings due to financial difficulties, if they are recorded, it is very useful to watch them in the evenings when my family is free. Watching live case presentations from doctors who perform surgical procedures like us, especially from other doctors outside our region, expands our horizons and we shape our treatments accordingly.
45;Açıkçası polikliniğe başvuran hasta sayısı çok fazla ancak bu hastaların sosyo ekonomik yapısı çok düşük. Şehir hastanesinde olmamız sebebiyle geri ödemede olmayan ilaçları çok sık tercih etmemeye çalışıyorum. Ancak başka bir tedavi seçeneği yoksa ve en etkin tedavi seçeneği olarak elimde ödenmeyen de olsa güçlü bir silah varsa bunu elbette kullanıyorum. Hastaları ikna etmek için ekstra çaba sarf etmek gerekiyor, onlara bu hastalıktan ve eşlik ettiği hastalıklardan kurtulmak için TR’de bulunan en etkili tedavi seçeneği olduğunu anlatıyorum. Bu ilacı kullanın sadece faydasını görürsünüz demek yeterli olmuyor. Hasta tarafında kabul görmüyor, sadece ilacı yazıp kullanımını anlatmak. Duyguları da anlamak gerekiyor, bu tip hastaları tedavi ettiğimde bende mesleki anlamda bir şeyleri daha fazla başardığımı düşünüp mutlu oluyorum. Maddi kazançlar günün sonunda ne kadar önemli olursa olsun bir hekimin asıl kazancı mesleki tatminidir.;"Frankly, the number of patients applying to the outpatient clinic is very high, but the socio-economic structure of these patients is very low. Since we are in a city hospital, I try not to choose medicines that are not reimbursed very often. However, if there is no other treatment option and I have a powerful weapon, even if it is not paid, as the most effective treatment option, of course I use it. It is necessary to make extra efforts to convince patients, I explain to them that TR is the most effective treatment option available to get rid of this disease and its accompanying diseases. Just saying ""use this medicine and you will see benefits"" is not enough. It is not accepted by the patient, just prescribing the medicine and explaining its use. It is also necessary to understand the emotions. When I treat such patients, I feel happy and think that I have achieved something more professionally. No matter how important financial gains are at the end of the day, a physician's real gain is professional satisfaction."
46;Dijital kullanımı ile kısıtlı kullanımı olduğu ve fayda sağladığını düşünmüyor.;It has limited use due to digital usage and does not seem to provide any benefit.
47;Hastanın alım gücü önemli.Obezite tedavi için kararlı olan hastalar tedaviye kolay başlıyorlar dolayısıyla bende tedaviye etkin bir ilacın olduğunu anlattığımda ikna oluyorlar.Kısıtlı zamanım olduğı için etkin bir ilaç ve tedaviye hazır bir hasta zamanın ve tedavi başarısını arttırdığı için önemli;The purchasing power of the patient is important. Patients who are determined for obesity treatment start the treatment easily, so they are convinced when I tell them that I have an effective medicine for treatment. Since I have limited time, an effective medicine and a patient who is ready for treatment are important because it increases the time and treatment success.
48;Hastanın tedavi talep etmesi önemli.Ücretli bir ilaç olduğu için hastanın obezite tedavisi isteyerek gelmesi tedaviye başlama kararımı etkiliyor.Fiyat konusunda kısıtlı zamanda hastayı ikna etmek zor olduğu için;It is important for the patient to demand treatment. Since it is a paid medicine, the patient's request for obesity treatment affects my decision to start the treatment. Since it is difficult to convince the patient about the price in a limited time.
49;Devlet hastanesinde çalışan bir asistan olarak kısıtlı kaynaklarım söz konusudur. Dolayısıyla dijital platforma ulaşım sağlamak benim açıdan konforlu bir durumdur. Dolayısıyla burdan edieceğim bilgiler düşündüğüm akademik hayatta hızlı bir yol alacağımı düşünüyorum. Bazen genel bilgilerin yanısıra spesifik bilgilerede ulaşmak benim için çok güzel olacak ve tedavi rejimlerimde daha cesur davranabileceğim.;As an assistant working in a public hospital, I have limited resources. Therefore, accessing the digital platform is a comfortable situation for me. Therefore, I think that the information I will gain from here will make me progress quickly in my academic life. Sometimes it will be very nice for me to have access to specific information as well as general information, and I will be able to be more courageous in my treatment regimens.
